week_start,post_count,rolling_avg_post_count,completeness_score,is_gap,subreddit
2023-12-25,4,4.0,1.0,False,anxiety
2024-01-01,134,69.0,1.9420289855072463,False,anxiety
2024-01-08,139,92.33333333333333,1.5054151624548737,False,anxiety
2024-01-15,107,96.0,1.1145833333333333,False,anxiety
2024-01-22,138,129.5,1.0656370656370657,False,anxiety
2024-01-29,141,131.25,1.0742857142857143,False,anxiety
2024-02-05,85,117.75,0.721868365180467,False,anxiety
2024-02-12,149,128.25,1.161793372319688,False,anxiety
2024-02-19,163,134.5,1.211895910780669,False,anxiety
2024-02-26,179,144.0,1.2430555555555556,False,anxiety
2024-03-04,123,153.5,0.8013029315960912,False,anxiety
2024-03-11,98,140.75,0.6962699822380106,False,anxiety
2024-03-18,137,134.25,1.0204841713221602,False,anxiety
2024-03-25,81,109.75,0.7380410022779044,False,anxiety
2024-04-01,126,110.5,1.1402714932126696,False,anxiety
2024-04-08,162,126.5,1.2806324110671936,False,anxiety
2024-04-15,117,121.5,0.9629629629629629,False,anxiety
2024-04-22,137,135.5,1.011070110701107,False,anxiety
2024-04-29,113,132.25,0.8544423440453687,False,anxiety
2024-05-06,118,121.25,0.9731958762886598,False,anxiety
2024-05-13,84,113.0,0.7433628318584071,False,anxiety
2024-05-20,172,121.75,1.4127310061601643,False,anxiety
2024-05-27,121,123.75,0.9777777777777777,False,anxiety
2024-06-03,194,142.75,1.3590192644483363,False,anxiety
2024-06-10,183,167.5,1.0925373134328358,False,anxiety
2024-06-17,85,145.75,0.5831903945111492,False,anxiety
2024-06-24,202,166.0,1.216867469879518,False,anxiety
2024-07-01,93,140.75,0.6607460035523979,False,anxiety
2024-07-08,124,126.0,0.9841269841269841,False,anxiety
2024-07-15,179,149.5,1.1973244147157192,False,anxiety
2024-07-22,128,131.0,0.9770992366412213,False,anxiety
2024-07-29,198,157.25,1.259141494435612,False,anxiety
2024-08-05,159,166.0,0.9578313253012049,False,anxiety
2024-08-12,145,157.5,0.9206349206349206,False,anxiety
2024-08-19,183,171.25,1.0686131386861313,False,anxiety
2024-08-26,160,161.75,0.9891808346213292,False,anxiety
2024-09-02,184,168.0,1.0952380952380953,False,anxiety
2024-09-09,96,155.75,0.6163723916532905,False,anxiety
2024-09-16,194,158.5,1.22397476340694,False,anxiety
2024-09-23,166,160.0,1.0375,False,anxiety
2024-09-30,181,159.25,1.1365777080062793,False,anxiety
2024-10-07,116,164.25,0.7062404870624048,False,anxiety
2024-10-14,88,137.75,0.6388384754990926,False,anxiety
2024-10-21,84,117.25,0.7164179104477612,False,anxiety
2024-10-28,111,99.75,1.112781954887218,False,anxiety
2024-11-04,128,102.75,1.245742092457421,False,anxiety
2024-11-11,123,111.5,1.1031390134529149,False,anxiety
2024-11-18,133,123.75,1.0747474747474748,False,anxiety
2024-11-25,132,129.0,1.0232558139534884,False,anxiety
2024-12-02,123,127.75,0.9628180039138943,False,anxiety
2024-12-09,118,126.5,0.932806324110672,False,anxiety
2024-12-16,107,120.0,0.8916666666666667,False,anxiety
2024-12-23,120,117.0,1.0256410256410255,False,anxiety
2024-12-30,100,111.25,0.898876404494382,False,anxiety
2025-01-06,84,102.75,0.8175182481751825,False,anxiety
2025-01-13,119,105.75,1.1252955082742317,False,anxiety
2025-01-20,167,117.5,1.421276595744681,False,anxiety
2025-01-27,104,118.5,0.8776371308016878,False,anxiety
2025-02-03,107,124.25,0.8611670020120724,False,anxiety
2025-02-10,173,137.75,1.2558983666061705,False,anxiety
2025-02-17,127,127.75,0.9941291585127201,False,anxiety
2025-02-24,84,122.75,0.6843177189409368,False,anxiety
2025-03-03,171,138.75,1.2324324324324325,False,anxiety
2025-03-10,133,128.75,1.033009708737864,False,anxiety
2025-03-17,154,135.5,1.136531365313653,False,anxiety
2025-03-24,134,148.0,0.9054054054054054,False,anxiety
2025-03-31,175,149.0,1.174496644295302,False,anxiety
2025-04-07,118,145.25,0.8123924268502581,False,anxiety
2025-04-14,88,128.75,0.683495145631068,False,anxiety
2025-04-21,128,127.25,1.005893909626719,False,anxiety
2025-04-28,93,106.75,0.8711943793911007,False,anxiety
2025-05-05,171,120.0,1.425,False,anxiety
2025-05-12,137,132.25,1.0359168241965973,False,anxiety
2025-05-19,149,137.5,1.0836363636363637,False,anxiety
2025-05-26,109,141.5,0.7703180212014135,False,anxiety
2025-06-02,184,144.75,1.2711571675302245,False,anxiety
2025-06-09,114,139.0,0.8201438848920863,False,anxiety
2025-06-16,153,140.0,1.0928571428571427,False,anxiety
2025-06-23,89,135.0,0.6592592592592592,False,anxiety
2025-06-30,101,114.25,0.8840262582056893,False,anxiety
2025-07-07,106,112.25,0.9443207126948775,False,anxiety
2025-07-14,135,107.75,1.2529002320185614,False,anxiety
2025-07-21,167,127.25,1.31237721021611,False,anxiety
2025-07-28,185,148.25,1.2478920741989883,False,anxiety
2025-08-04,87,143.5,0.6062717770034843,False,anxiety
2025-08-11,97,134.0,0.7238805970149254,False,anxiety
2025-08-18,137,126.5,1.08300395256917,False,anxiety
2025-08-25,167,122.0,1.3688524590163935,False,anxiety
2025-09-01,179,145.0,1.2344827586206897,False,anxiety
2025-09-08,96,144.75,0.6632124352331606,False,anxiety
2025-09-15,89,132.75,0.6704331450094162,False,anxiety
2025-09-22,186,137.5,1.3527272727272728,False,anxiety
2025-09-29,112,120.75,0.927536231884058,False,anxiety
2025-10-06,151,134.5,1.1226765799256506,False,anxiety
2025-10-13,179,157.0,1.1401273885350318,False,anxiety
2025-10-20,119,140.25,0.8484848484848485,False,anxiety
2025-10-27,135,146.0,0.9246575342465754,False,anxiety
2025-11-03,174,151.75,1.1466227347611202,False,anxiety
2025-11-10,110,134.5,0.8178438661710037,False,anxiety
2025-11-17,96,128.75,0.7456310679611651,False,anxiety
2025-11-24,191,142.75,1.3380035026269703,False,anxiety
2025-12-01,180,144.25,1.2478336221837087,False,anxiety
2025-12-08,154,155.25,0.9919484702093397,False,anxiety
2025-12-15,147,168.0,0.875,False,anxiety
2025-12-22,173,163.5,1.0581039755351682,False,anxiety
